<?xml version="1.0" encoding="UTF-8" ?>
<XMLDB PATH="blocks/todo/db" VERSION="20180104" COMMENT="XMLDB file for Moodle blocks/todo"
    xmlns:xsi="http://www.w3.org/2001/XMLSchema-instance"
    xsi:noNamespaceSchemaLocation="../../../lib/xmldb/xmldb.xsd"
>
  <TABLES>
    <TABLE NAME="block_todo" COMMENT="Default comment for block_todo, please edit me">
      <FIELDS>
        <FIELD NAME="id" TYPE="int" LENGTH="10" NOTNULL="true" SEQUENCE="true"/>
        <FIELD NAME="usermodified" TYPE="int" LENGTH="20" NOTNULL="true" SEQUENCE="false" COMMENT="The ID of the user that owns this todo item."/>
        <FIELD NAME="timecreated" TYPE="int" LENGTH="10" NOTNULL="true" SEQUENCE="false" COMMENT="Timestamp of when the item was created"/>
        <FIELD NAME="timemodified" TYPE="int" LENGTH="10" NOTNULL="true" SEQUENCE="false" COMMENT="Timestamp of when the item was last modified."/>
        <FIELD NAME="todotext" TYPE="char" LENGTH="1333" NOTNULL="true" SEQUENCE="false" COMMENT="The text of the todo item"/>
        <FIELD NAME="done" TYPE="int" LENGTH="1" NOTNULL="true" DEFAULT="0" SEQUENCE="false" COMMENT="Flag indicating the status of the item. 1 means it has been done."/>
      </FIELDS>
      <KEYS>
        <KEY NAME="primary" TYPE="primary" FIELDS="id"/>
        <KEY NAME="fk_usermodified" TYPE="foreign" FIELDS="usermodified" REFTABLE="user" REFFIELDS="id"/>
      </KEYS>
    </TABLE>
  </TABLES>
</XMLDB>